{
  "runs": 1,
  "p99_ms": {
    "median": 42.194109710000006,
    "min": 42.194109710000006,
    "max": 42.194109710000006,
    "samples": [
      42.194109710000006
    ]
  },
  "final_score_median": 2540.8104865090013
}
