{
  "expected": {
    "total": 54100,
    "fraud_count": 23959,
    "legit_count": 30141,
    "fraud_rate": 0.4429,
    "legit_rate": 0.5571,
    "edge_case_count": 645,
    "edge_case_rate": 0.0119
  },
  "p99": "42.19ms",
  "scoring": {
    "breakdown": {
      "false_positive_detections": 161,
      "false_negative_detections": 131,
      "true_positive_detections": 23811,
      "true_negative_detections": 29955,
      "http_errors": 0
    },
    "failure_rate": "0.54%",
    "weighted_errors_E": 554,
    "error_rate_epsilon": 0.010248,
    "p99_score": {
      "value": 1374.75,
      "cut_triggered": false
    },
    "detection_score": {
      "value": 1166.06,
      "rate_component": 1989.35,
      "absolute_penalty": -823.29,
      "cut_triggered": false
    },
    "final_score": 2540.81,
    "raw": {
      "p99_ms": 42.194109710000006,
      "failure_rate": 0.005401605682785157,
      "error_rate_epsilon": 0.010248251877612934,
      "p99_score": 1374.7481722371904,
      "detection_score": 1166.062314271811,
      "rate_component": 1989.350209208614,
      "absolute_penalty": -823.2878949368029,
      "final_score": 2540.8104865090013
    }
  }
}