{
  "expected": {
    "total": 54100,
    "fraud_count": 23959,
    "legit_count": 30141,
    "fraud_rate": 0.4429,
    "legit_rate": 0.5571,
    "edge_case_count": 645,
    "edge_case_rate": 0.0119
  },
  "p99": "2074.85ms",
  "scoring": {
    "breakdown": {
      "false_positive_detections": 48,
      "false_negative_detections": 51,
      "true_positive_detections": 12777,
      "true_negative_detections": 16098,
      "http_errors": 1755
    },
    "failure_rate": "6.03%",
    "weighted_errors_E": 8976,
    "error_rate_epsilon": 0.292102,
    "p99_score": {
      "value": -3000,
      "cut_triggered": true
    },
    "detection_score": {
      "value": -651.47,
      "rate_component": 534.47,
      "absolute_penalty": -1185.94,
      "cut_triggered": false
    },
    "final_score": -3651.47,
    "raw": {
      "p99_ms": 2074.85173908,
      "failure_rate": 0.06033388655667285,
      "error_rate_epsilon": 0.29210192326466855,
      "p99_score": -3000,
      "detection_score": -651.4737840304082,
      "rate_component": 534.4655835246255,
      "absolute_penalty": -1185.9393675550336,
      "final_score": -3651.4737840304083
    }
  }
}