{
  "runs": 1,
  "p99_ms": {
    "median": 92.41683045000008,
    "min": 92.41683045000008,
    "max": 92.41683045000008,
    "samples": [
      92.41683045000008
    ]
  },
  "final_score_median": 2383.9288201271793
}
