{
  "expected": {
    "total": 54100,
    "fraud_count": 23959,
    "legit_count": 30141,
    "fraud_rate": 0.4429,
    "legit_rate": 0.5571,
    "edge_case_count": 645,
    "edge_case_rate": 0.0119
  },
  "p50": "0.7ms",
  "p95": "2.35ms",
  "p99": "18.35ms",
  "scoring": {
    "breakdown": {
      "false_positive_detections": 6,
      "false_negative_detections": 13,
      "true_positive_detections": 23929,
      "true_negative_detections": 30110,
      "http_errors": 0
    },
    "failure_rate": "0.04%",
    "weighted_errors_E": 45,
    "error_rate_epsilon": 0.000832,
    "p99_score": {
      "value": 1736.3,
      "cut_triggered": false
    },
    "detection_score": {
      "value": 2501.17,
      "rate_component": 3000,
      "absolute_penalty": -498.83,
      "cut_triggered": false
    },
    "final_score": 4237.47,
    "raw": {
      "p50_ms": 0.7043444999999999,
      "p95_ms": 2.3501466499999983,
      "p99_ms": 18.352809180000005,
      "failure_rate": 0.0003514743423730068,
      "error_rate_epsilon": 0.0008324392319360687,
      "p99_score": 1736.2974508670882,
      "detection_score": 2501.1726504955277,
      "rate_component": 3000,
      "absolute_penalty": -498.82734950447224,
      "final_score": 4237.470101362616
    }
  }
}