{
  "expected": {
    "total": 54100,
    "fraud_count": 23959,
    "legit_count": 30141,
    "fraud_rate": 0.4429,
    "legit_rate": 0.5571,
    "edge_case_count": 645,
    "edge_case_rate": 0.0119
  },
  "p99": "2249.65ms",
  "scoring": {
    "breakdown": {
      "false_positive_detections": 44,
      "false_negative_detections": 46,
      "true_positive_detections": 12515,
      "true_negative_detections": 15772,
      "http_errors": 1741
    },
    "failure_rate": "6.08%",
    "weighted_errors_E": 8887,
    "error_rate_epsilon": 0.295073,
    "p99_score": {
      "value": -3000,
      "cut_triggered": true
    },
    "detection_score": {
      "value": -654.57,
      "rate_component": 530.07,
      "absolute_penalty": -1184.64,
      "cut_triggered": false
    },
    "final_score": -3654.57,
    "raw": {
      "p99_ms": 2249.6491556099995,
      "failure_rate": 0.06079420944285809,
      "error_rate_epsilon": 0.29507271399163293,
      "p99_score": -3000,
      "detection_score": -654.5702649919169,
      "rate_component": 530.0709487879262,
      "absolute_penalty": -1184.6412137798432,
      "final_score": -3654.5702649919167
    }
  }
}