{
  "expected": {
    "total": 54100,
    "fraud_count": 23959,
    "legit_count": 30141,
    "fraud_rate": 0.4429,
    "legit_rate": 0.5571,
    "edge_case_count": 645,
    "edge_case_rate": 0.0119
  },
  "p50": "0.84ms",
  "p95": "3.42ms",
  "p99": "51.85ms",
  "scoring": {
    "breakdown": {
      "false_positive_detections": 102,
      "false_negative_detections": 94,
      "true_positive_detections": 23848,
      "true_negative_detections": 30015,
      "http_errors": 0
    },
    "failure_rate": "0.36%",
    "weighted_errors_E": 384,
    "error_rate_epsilon": 0.007103,
    "p99_score": {
      "value": 1285.22,
      "cut_triggered": false
    },
    "detection_score": {
      "value": 1372.9,
      "rate_component": 2148.54,
      "absolute_penalty": -775.64,
      "cut_triggered": false
    },
    "final_score": 2658.11,
    "raw": {
      "p50_ms": 0.842951,
      "p95_ms": 3.4249259,
      "p99_ms": 51.85417239999978,
      "failure_rate": 0.003625668251355001,
      "error_rate_epsilon": 0.007103350043471022,
      "p99_score": 1285.2162927485808,
      "detection_score": 1372.898564504099,
      "rate_component": 2148.5367833566493,
      "absolute_penalty": -775.6382188525502,
      "final_score": 2658.11485725268
    }
  }
}