{
  "expected": {
    "total": 54100,
    "fraud_count": 23959,
    "legit_count": 30141,
    "fraud_rate": 0.4429,
    "legit_rate": 0.5571,
    "edge_case_count": 645,
    "edge_case_rate": 0.0119
  },
  "p50": "0.68ms",
  "p95": "2.66ms",
  "p99": "36.38ms",
  "scoring": {
    "breakdown": {
      "false_positive_detections": 106,
      "false_negative_detections": 102,
      "true_positive_detections": 23840,
      "true_negative_detections": 30011,
      "http_errors": 0
    },
    "failure_rate": "0.38%",
    "weighted_errors_E": 412,
    "error_rate_epsilon": 0.007621,
    "p99_score": {
      "value": 1439.16,
      "cut_triggered": false
    },
    "detection_score": {
      "value": 1333.19,
      "rate_component": 2117.97,
      "absolute_penalty": -784.79,
      "cut_triggered": false
    },
    "final_score": 2772.35,
    "raw": {
      "p50_ms": 0.678108,
      "p95_ms": 2.658032899999999,
      "p99_ms": 36.377862759999985,
      "failure_rate": 0.0038476479402134705,
      "error_rate_epsilon": 0.007621302650807451,
      "p99_score": 1439.1628198081075,
      "detection_score": 1333.1857761941253,
      "rate_component": 2117.9707916910456,
      "absolute_penalty": -784.7850154969203,
      "final_score": 2772.3485960022326
    }
  }
}