{
  "expected": {
    "total": 54100,
    "fraud_count": 23959,
    "legit_count": 30141,
    "fraud_rate": 0.4429,
    "legit_rate": 0.5571,
    "edge_case_count": 645,
    "edge_case_rate": 0.0119
  },
  "p50": "0.87ms",
  "p95": "36.28ms",
  "p99": "368.07ms",
  "scoring": {
    "breakdown": {
      "false_positive_detections": 102,
      "false_negative_detections": 93,
      "true_positive_detections": 23706,
      "true_negative_detections": 29842,
      "http_errors": 2
    },
    "failure_rate": "0.37%",
    "weighted_errors_E": 391,
    "error_rate_epsilon": 0.007275,
    "p99_score": {
      "value": 434.07,
      "cut_triggered": false
    },
    "detection_score": {
      "value": 1360.18,
      "rate_component": 2138.16,
      "absolute_penalty": -777.99,
      "cut_triggered": false
    },
    "final_score": 1794.24,
    "raw": {
      "p50_ms": 0.867579,
      "p95_ms": 36.28405439999983,
      "p99_ms": 368.07295451999863,
      "failure_rate": 0.0036654572518373804,
      "error_rate_epsilon": 0.007275095357707694,
      "p99_score": 434.06609272514333,
      "detection_score": 1360.175489719788,
      "rate_component": 2138.161309825925,
      "absolute_penalty": -777.9858201061371,
      "final_score": 1794.2415824449313
    }
  }
}