{
  "runs": 1,
  "p99_ms": {
    "median": 24.38215915999995,
    "min": 24.38215915999995,
    "max": 24.38215915999995,
    "samples": [
      24.38215915999995
    ]
  },
  "final_score_median": 2942.0197499283777
}
