{
  "expected": {
    "total": 54100,
    "fraud_count": 23959,
    "legit_count": 30141,
    "fraud_rate": 0.4429,
    "legit_rate": 0.5571,
    "edge_case_count": 645,
    "edge_case_rate": 0.0119
  },
  "p99": "117.41ms",
  "scoring": {
    "breakdown": {
      "false_positive_detections": 117,
      "false_negative_detections": 99,
      "true_positive_detections": 23824,
      "true_negative_detections": 29976,
      "http_errors": 0
    },
    "failure_rate": "0.4%",
    "weighted_errors_E": 414,
    "error_rate_epsilon": 0.007664,
    "p99_score": {
      "value": 930.29,
      "cut_triggered": false
    },
    "detection_score": {
      "value": 1330.11,
      "rate_component": 2115.52,
      "absolute_penalty": -785.41,
      "cut_triggered": false
    },
    "final_score": 2260.39,
    "raw": {
      "p99_ms": 117.41208839999987,
      "failure_rate": 0.003998815165876777,
      "error_rate_epsilon": 0.007664395734597157,
      "p99_score": 930.28718711611,
      "detection_score": 1330.1076504750154,
      "rate_component": 2115.522079488643,
      "absolute_penalty": -785.4144290136278,
      "final_score": 2260.3948375911255
    }
  }
}