{
  "expected": {
    "total": 54100,
    "fraud_count": 23959,
    "legit_count": 30141,
    "fraud_rate": 0.4429,
    "legit_rate": 0.5571,
    "edge_case_count": 645,
    "edge_case_rate": 0.0119
  },
  "p99": "24.38ms",
  "scoring": {
    "breakdown": {
      "false_positive_detections": 118,
      "false_negative_detections": 99,
      "true_positive_detections": 23843,
      "true_negative_detections": 29999,
      "http_errors": 0
    },
    "failure_rate": "0.4%",
    "weighted_errors_E": 415,
    "error_rate_epsilon": 0.007677,
    "p99_score": {
      "value": 1612.93,
      "cut_triggered": false
    },
    "detection_score": {
      "value": 1329.09,
      "rate_component": 2114.82,
      "absolute_penalty": -785.73,
      "cut_triggered": false
    },
    "final_score": 2942.02,
    "raw": {
      "p99_ms": 24.38215915999995,
      "failure_rate": 0.004014132706857323,
      "error_rate_epsilon": 0.007676797573022068,
      "p99_score": 1612.9278381043132,
      "detection_score": 1329.0919118240645,
      "rate_component": 2114.8199110120872,
      "absolute_penalty": -785.7279991880229,
      "final_score": 2942.0197499283777
    }
  }
}