{
  "expected": {
    "total": 54100,
    "fraud_count": 23959,
    "legit_count": 30141,
    "fraud_rate": 0.4429,
    "legit_rate": 0.5571,
    "edge_case_count": 645,
    "edge_case_rate": 0.0119
  },
  "p99": "196.77ms",
  "scoring": {
    "breakdown": {
      "false_positive_detections": 111,
      "false_negative_detections": 103,
      "true_positive_detections": 23816,
      "true_negative_detections": 29978,
      "http_errors": 0
    },
    "failure_rate": "0.4%",
    "weighted_errors_E": 420,
    "error_rate_epsilon": 0.007777,
    "p99_score": {
      "value": 706.03,
      "cut_triggered": false
    },
    "detection_score": {
      "value": 1321.92,
      "rate_component": 2109.21,
      "absolute_penalty": -787.28,
      "cut_triggered": false
    },
    "final_score": 2027.96,
    "raw": {
      "p99_ms": 196.77411482000002,
      "failure_rate": 0.0039623759443045475,
      "error_rate_epsilon": 0.007776625685083692,
      "p99_score": 706.0320325826267,
      "detection_score": 1321.9241758321627,
      "rate_component": 2109.208804582863,
      "absolute_penalty": -787.2846287507004,
      "final_score": 2027.9562084147894
    }
  }
}