{
  "expected": {
    "total": 54100,
    "fraud_count": 23959,
    "legit_count": 30141,
    "fraud_rate": 0.4429,
    "legit_rate": 0.5571,
    "edge_case_count": 645,
    "edge_case_rate": 0.0119
  },
  "p50": "0.74ms",
  "p95": "1.48ms",
  "p99": "27.98ms",
  "scoring": {
    "breakdown": {
      "false_positive_detections": 0,
      "false_negative_detections": 0,
      "true_positive_detections": 23920,
      "true_negative_detections": 30096,
      "http_errors": 43
    },
    "failure_rate": "0.08%",
    "weighted_errors_E": 215,
    "error_rate_epsilon": 0.003977,
    "p99_score": {
      "value": 1553.09,
      "cut_triggered": false
    },
    "detection_score": {
      "value": 1700.09,
      "rate_component": 2400.43,
      "absolute_penalty": -700.34,
      "cut_triggered": false
    },
    "final_score": 3253.19,
    "raw": {
      "p50_ms": 0.742664,
      "p95_ms": 1.4840062999999997,
      "p99_ms": 27.98376363999997,
      "failure_rate": 0.0007954272184095155,
      "error_rate_epsilon": 0.003977136092047578,
      "p99_score": 1553.0938760428307,
      "detection_score": 1700.0934224632956,
      "rate_component": 2400.429547808575,
      "absolute_penalty": -700.3361253452794,
      "final_score": 3253.1872985061264
    }
  }
}