{
  "expected": {
    "total": 54100,
    "fraud_count": 23959,
    "legit_count": 30141,
    "fraud_rate": 0.4429,
    "legit_rate": 0.5571,
    "edge_case_count": 645,
    "edge_case_rate": 0.0119
  },
  "p99": "254.37ms",
  "scoring": {
    "breakdown": {
      "false_positive_detections": 101,
      "false_negative_detections": 96,
      "true_positive_detections": 23806,
      "true_negative_detections": 29975,
      "http_errors": 0
    },
    "failure_rate": "0.36%",
    "weighted_errors_E": 389,
    "error_rate_epsilon": 0.007207,
    "p99_score": {
      "value": 594.54,
      "cut_triggered": false
    },
    "detection_score": {
      "value": 1364.95,
      "rate_component": 2142.27,
      "absolute_penalty": -777.32,
      "cut_triggered": false
    },
    "final_score": 1959.49,
    "raw": {
      "p99_ms": 254.36586106999923,
      "failure_rate": 0.0036496350364963502,
      "error_rate_epsilon": 0.0072066397421171585,
      "p99_score": 594.5411766077797,
      "detection_score": 1364.9478055483232,
      "rate_component": 2142.267187656273,
      "absolute_penalty": -777.3193821079498,
      "final_score": 1959.4889821561028
    }
  }
}