{
  "runs": 1,
  "p99_ms": {
    "median": 23.631967039999946,
    "min": 23.631967039999946,
    "max": 23.631967039999946,
    "samples": [
      23.631967039999946
    ]
  },
  "final_score_median": 2946.153574301319
}
