{
  "expected": {
    "total": 54100,
    "fraud_count": 23959,
    "legit_count": 30141,
    "fraud_rate": 0.4429,
    "legit_rate": 0.5571,
    "edge_case_count": 645,
    "edge_case_rate": 0.0119
  },
  "p99": "466.47ms",
  "scoring": {
    "breakdown": {
      "false_positive_detections": 104,
      "false_negative_detections": 95,
      "true_positive_detections": 23801,
      "true_negative_detections": 29961,
      "http_errors": 0
    },
    "failure_rate": "0.37%",
    "weighted_errors_E": 389,
    "error_rate_epsilon": 0.007209,
    "p99_score": {
      "value": 331.17,
      "cut_triggered": false
    },
    "detection_score": {
      "value": 1364.81,
      "rate_component": 2142.13,
      "absolute_penalty": -777.32,
      "cut_triggered": false
    },
    "final_score": 1695.98,
    "raw": {
      "p99_ms": 466.4746432000012,
      "failure_rate": 0.003687848631418988,
      "error_rate_epsilon": 0.007208910138803951,
      "p99_score": 331.17195881484156,
      "detection_score": 1364.811005943854,
      "rate_component": 2142.130388051804,
      "absolute_penalty": -777.3193821079498,
      "final_score": 1695.9829647586957
    }
  }
}