{
  "expected": {
    "total": 54100,
    "fraud_count": 23959,
    "legit_count": 30141,
    "fraud_rate": 0.4429,
    "legit_rate": 0.5571,
    "edge_case_count": 645,
    "edge_case_rate": 0.0119
  },
  "p99": "654.03ms",
  "scoring": {
    "breakdown": {
      "false_positive_detections": 108,
      "false_negative_detections": 92,
      "true_positive_detections": 23311,
      "true_negative_detections": 29274,
      "http_errors": 0
    },
    "failure_rate": "0.38%",
    "weighted_errors_E": 384,
    "error_rate_epsilon": 0.007275,
    "p99_score": {
      "value": 184.41,
      "cut_triggered": false
    },
    "detection_score": {
      "value": 1362.54,
      "rate_component": 2138.18,
      "absolute_penalty": -775.64,
      "cut_triggered": false
    },
    "final_score": 1546.95,
    "raw": {
      "p99_ms": 654.0257327999997,
      "failure_rate": 0.003788955195604812,
      "error_rate_epsilon": 0.007274793975561239,
      "p99_score": 184.40516391856562,
      "detection_score": 1362.5410826707923,
      "rate_component": 2138.1793015233425,
      "absolute_penalty": -775.6382188525502,
      "final_score": 1546.946246589358
    }
  }
}