{
  "expected": {
    "total": 54100,
    "fraud_count": 23959,
    "legit_count": 30141,
    "fraud_rate": 0.4429,
    "legit_rate": 0.5571,
    "edge_case_count": 645,
    "edge_case_rate": 0.0119
  },
  "p99": "54.37ms",
  "scoring": {
    "breakdown": {
      "false_positive_detections": 107,
      "false_negative_detections": 103,
      "true_positive_detections": 23825,
      "true_negative_detections": 29996,
      "http_errors": 0
    },
    "failure_rate": "0.39%",
    "weighted_errors_E": 416,
    "error_rate_epsilon": 0.007699,
    "p99_score": {
      "value": 1264.64,
      "cut_triggered": false
    },
    "detection_score": {
      "value": 1327.51,
      "rate_component": 2113.55,
      "absolute_penalty": -786.04,
      "cut_triggered": false
    },
    "final_score": 2592.15,
    "raw": {
      "p99_ms": 54.370499499999795,
      "failure_rate": 0.003886657659491773,
      "error_rate_epsilon": 0.007699283744517037,
      "p99_score": 1264.6366771307673,
      "detection_score": 1327.508858370778,
      "rate_component": 2113.5496748629052,
      "absolute_penalty": -786.0408164921273,
      "final_score": 2592.145535501545
    }
  }
}