{
  "runs": 1,
  "p99_ms": {
    "median": 17.02068891999986,
    "min": 17.02068891999986,
    "max": 17.02068891999986,
    "samples": [
      17.02068891999986
    ]
  },
  "final_score_median": 3018.3623227198914
}
