{
  "runs": 1,
  "p99_ms": {
    "median": 54.71380590000007,
    "min": 54.71380590000007,
    "max": 54.71380590000007,
    "samples": [
      54.71380590000007
    ]
  },
  "final_score_median": 2595.016541346088
}
