{
  "expected": {
    "total": 54100,
    "fraud_count": 23959,
    "legit_count": 30141,
    "fraud_rate": 0.4429,
    "legit_rate": 0.5571,
    "edge_case_count": 645,
    "edge_case_rate": 0.0119
  },
  "p50": "0.69ms",
  "p95": "2.93ms",
  "p99": "48.11ms",
  "scoring": {
    "breakdown": {
      "false_positive_detections": 106,
      "false_negative_detections": 102,
      "true_positive_detections": 23832,
      "true_negative_detections": 30006,
      "http_errors": 0
    },
    "failure_rate": "0.38%",
    "weighted_errors_E": 412,
    "error_rate_epsilon": 0.007623,
    "p99_score": {
      "value": 1317.72,
      "cut_triggered": false
    },
    "detection_score": {
      "value": 1333.08,
      "rate_component": 2117.87,
      "absolute_penalty": -784.79,
      "cut_triggered": false
    },
    "final_score": 2650.81,
    "raw": {
      "p50_ms": 0.689425,
      "p95_ms": 2.92706375,
      "p99_ms": 48.114469450000044,
      "failure_rate": 0.003848573437442179,
      "error_rate_epsilon": 0.007623135847241239,
      "p99_score": 1317.7242987342056,
      "detection_score": 1333.0813253677627,
      "rate_component": 2117.866340864683,
      "absolute_penalty": -784.7850154969203,
      "final_score": 2650.8056241019685
    }
  }
}