{
  "runs": 1,
  "p99_ms": {
    "median": 23.701786439999882,
    "min": 23.701786439999882,
    "max": 23.701786439999882,
    "samples": [
      23.701786439999882
    ]
  },
  "final_score_median": 2931.6568113182475
}
