{
  "expected": {
    "total": 54100,
    "fraud_count": 23959,
    "legit_count": 30141,
    "fraud_rate": 0.4429,
    "legit_rate": 0.5571,
    "edge_case_count": 645,
    "edge_case_rate": 0.0119
  },
  "p99": "103.82ms",
  "scoring": {
    "breakdown": {
      "false_positive_detections": 131,
      "false_negative_detections": 100,
      "true_positive_detections": 23830,
      "true_negative_detections": 29978,
      "http_errors": 0
    },
    "failure_rate": "0.43%",
    "weighted_errors_E": 431,
    "error_rate_epsilon": 0.007976,
    "p99_score": {
      "value": 983.73,
      "cut_triggered": false
    },
    "detection_score": {
      "value": 1307.58,
      "rate_component": 2098.23,
      "absolute_penalty": -790.65,
      "cut_triggered": false
    },
    "final_score": 2291.32,
    "raw": {
      "p99_ms": 103.81694058000066,
      "failure_rate": 0.0042746905013046135,
      "error_rate_epsilon": 0.007975721238364885,
      "p99_score": 983.7317736540599,
      "detection_score": 1307.5849095330143,
      "rate_component": 2098.230033577488,
      "absolute_penalty": -790.6451240444737,
      "final_score": 2291.316683187074
    }
  }
}