{
  "expected": {
    "total": 54100,
    "fraud_count": 23959,
    "legit_count": 30141,
    "fraud_rate": 0.4429,
    "legit_rate": 0.5571,
    "edge_case_count": 645,
    "edge_case_rate": 0.0119
  },
  "p99": "23.7ms",
  "scoring": {
    "breakdown": {
      "false_positive_detections": 132,
      "false_negative_detections": 100,
      "true_positive_detections": 23842,
      "true_negative_detections": 29985,
      "http_errors": 0
    },
    "failure_rate": "0.43%",
    "weighted_errors_E": 432,
    "error_rate_epsilon": 0.007991,
    "p99_score": {
      "value": 1625.22,
      "cut_triggered": false
    },
    "detection_score": {
      "value": 1306.44,
      "rate_component": 2097.38,
      "absolute_penalty": -790.95,
      "cut_triggered": false
    },
    "final_score": 2931.66,
    "raw": {
      "p99_ms": 23.701786439999882,
      "failure_rate": 0.00429160731793041,
      "error_rate_epsilon": 0.0079912687989049,
      "p99_score": 1625.2189193149889,
      "detection_score": 1306.4378920032586,
      "rate_component": 2097.384260909268,
      "absolute_penalty": -790.9463689060095,
      "final_score": 2931.6568113182475
    }
  }
}