{
  "runs": 1,
  "p99_ms": {
    "median": 13.064656319999955,
    "min": 13.064656319999955,
    "max": 13.064656319999955,
    "samples": [
      13.064656319999955
    ]
  },
  "final_score_median": 3090.0731535440755
}
