{
  "expected": {
    "total": 54100,
    "fraud_count": 23959,
    "legit_count": 30141,
    "fraud_rate": 0.4429,
    "legit_rate": 0.5571,
    "edge_case_count": 645,
    "edge_case_rate": 0.0119
  },
  "p99": "169.4ms",
  "scoring": {
    "breakdown": {
      "false_positive_detections": 145,
      "false_negative_detections": 122,
      "true_positive_detections": 23719,
      "true_negative_detections": 29864,
      "http_errors": 0
    },
    "failure_rate": "0.5%",
    "weighted_errors_E": 511,
    "error_rate_epsilon": 0.009489,
    "p99_score": {
      "value": 771.09,
      "cut_triggered": false
    },
    "detection_score": {
      "value": 1209.98,
      "rate_component": 2022.76,
      "absolute_penalty": -812.78,
      "cut_triggered": false
    },
    "final_score": 1981.07,
    "raw": {
      "p99_ms": 169.3995226900003,
      "failure_rate": 0.004958217270194986,
      "error_rate_epsilon": 0.009489322191272052,
      "p99_score": 771.0878176971127,
      "detection_score": 1209.9838192065386,
      "rate_component": 2022.7648074992878,
      "absolute_penalty": -812.7809882927493,
      "final_score": 1981.0716369036513
    }
  }
}