{
  "expected": {
    "total": 54100,
    "fraud_count": 23959,
    "legit_count": 30141,
    "fraud_rate": 0.4429,
    "legit_rate": 0.5571,
    "edge_case_count": 645,
    "edge_case_rate": 0.0119
  },
  "p99": "111.35ms",
  "scoring": {
    "breakdown": {
      "false_positive_detections": 103,
      "false_negative_detections": 96,
      "true_positive_detections": 23838,
      "true_negative_detections": 30009,
      "http_errors": 0
    },
    "failure_rate": "0.37%",
    "weighted_errors_E": 391,
    "error_rate_epsilon": 0.007235,
    "p99_score": {
      "value": 953.31,
      "cut_triggered": false
    },
    "detection_score": {
      "value": 1362.6,
      "rate_component": 2140.59,
      "absolute_penalty": -777.99,
      "cut_triggered": false
    },
    "final_score": 2315.91,
    "raw": {
      "p99_ms": 111.34920650000001,
      "failure_rate": 0.0036820486252451615,
      "error_rate_epsilon": 0.007234577952114865,
      "p99_score": 953.3128735010637,
      "detection_score": 1362.6009793958142,
      "rate_component": 2140.586799501951,
      "absolute_penalty": -777.9858201061371,
      "final_score": 2315.913852896878
    }
  }
}