{
  "expected": {
    "total": 54100,
    "fraud_count": 23959,
    "legit_count": 30141,
    "fraud_rate": 0.4429,
    "legit_rate": 0.5571,
    "edge_case_count": 645,
    "edge_case_rate": 0.0119
  },
  "p99": "2144.51ms",
  "scoring": {
    "breakdown": {
      "false_positive_detections": 57,
      "false_negative_detections": 51,
      "true_positive_detections": 13635,
      "true_negative_detections": 17172,
      "http_errors": 2229
    },
    "failure_rate": "7.05%",
    "weighted_errors_E": 11355,
    "error_rate_epsilon": 0.342596,
    "p99_score": {
      "value": -3000,
      "cut_triggered": true
    },
    "detection_score": {
      "value": -751.35,
      "rate_component": 465.22,
      "absolute_penalty": -1216.57,
      "cut_triggered": false
    },
    "final_score": -3751.35,
    "raw": {
      "p99_ms": 2144.5113234,
      "failure_rate": 0.07051049963794352,
      "error_rate_epsilon": 0.3425959449674149,
      "p99_score": -3000,
      "detection_score": -751.3498334216627,
      "rate_component": 465.21778173448337,
      "absolute_penalty": -1216.567615156146,
      "final_score": -3751.349833421663
    }
  }
}