{
  "runs": 1,
  "p99_ms": {
    "median": 26.068211499999933,
    "min": 26.068211499999933,
    "max": 26.068211499999933,
    "samples": [
      26.068211499999933
    ]
  },
  "final_score_median": 2918.4457851259067
}
