{
  "expected": {
    "total": 54100,
    "fraud_count": 23959,
    "legit_count": 30141,
    "fraud_rate": 0.4429,
    "legit_rate": 0.5571,
    "edge_case_count": 645,
    "edge_case_rate": 0.0119
  },
  "p99": "26.07ms",
  "scoring": {
    "breakdown": {
      "false_positive_detections": 114,
      "false_negative_detections": 99,
      "true_positive_detections": 23843,
      "true_negative_detections": 30003,
      "http_errors": 0
    },
    "failure_rate": "0.39%",
    "weighted_errors_E": 411,
    "error_rate_epsilon": 0.007603,
    "p99_score": {
      "value": 1583.89,
      "cut_triggered": false
    },
    "detection_score": {
      "value": 1334.56,
      "rate_component": 2119.03,
      "absolute_penalty": -784.47,
      "cut_triggered": false
    },
    "final_score": 2918.45,
    "raw": {
      "p99_ms": 26.068211499999933,
      "failure_rate": 0.003940139477237833,
      "error_rate_epsilon": 0.007602804343402578,
      "p99_score": 1583.8887640877365,
      "detection_score": 1334.5570210381704,
      "rate_component": 2119.026185848111,
      "absolute_penalty": -784.4691648099404,
      "final_score": 2918.4457851259067
    }
  }
}