{
  "expected": {
    "total": 54100,
    "fraud_count": 23959,
    "legit_count": 30141,
    "fraud_rate": 0.4429,
    "legit_rate": 0.5571,
    "edge_case_count": 645,
    "edge_case_rate": 0.0119
  },
  "p99": "126.93ms",
  "scoring": {
    "breakdown": {
      "false_positive_detections": 113,
      "false_negative_detections": 99,
      "true_positive_detections": 23828,
      "true_negative_detections": 29984,
      "http_errors": 0
    },
    "failure_rate": "0.39%",
    "weighted_errors_E": 410,
    "error_rate_epsilon": 0.007589,
    "p99_score": {
      "value": 896.44,
      "cut_triggered": false
    },
    "detection_score": {
      "value": 1335.65,
      "rate_component": 2119.8,
      "absolute_penalty": -784.15,
      "cut_triggered": false
    },
    "final_score": 2232.09,
    "raw": {
      "p99_ms": 126.92856010999994,
      "failure_rate": 0.003924181845105879,
      "error_rate_epsilon": 0.007589219606100992,
      "p99_score": 896.4406466001774,
      "detection_score": 1335.6503334295699,
      "rate_component": 2119.8028799923904,
      "absolute_penalty": -784.1525465628207,
      "final_score": 2232.0909800297472
    }
  }
}