{
  "expected": {
    "total": 54100,
    "fraud_count": 23959,
    "legit_count": 30141,
    "fraud_rate": 0.4429,
    "legit_rate": 0.5571,
    "edge_case_count": 645,
    "edge_case_rate": 0.0119
  },
  "p50": "0.81ms",
  "p95": "1.52ms",
  "p99": "51.89ms",
  "scoring": {
    "breakdown": {
      "false_positive_detections": 0,
      "false_negative_detections": 0,
      "true_positive_detections": 23431,
      "true_negative_detections": 29455,
      "http_errors": 250
    },
    "failure_rate": "0.47%",
    "weighted_errors_E": 1250,
    "error_rate_epsilon": 0.023525,
    "p99_score": {
      "value": 1284.92,
      "cut_triggered": false
    },
    "detection_score": {
      "value": 699.3,
      "rate_component": 1628.48,
      "absolute_penalty": -929.18,
      "cut_triggered": false
    },
    "final_score": 1984.22,
    "raw": {
      "p50_ms": 0.813926,
      "p95_ms": 1.523658,
      "p99_ms": 51.889194750000115,
      "failure_rate": 0.004704908160192713,
      "error_rate_epsilon": 0.023524540800963566,
      "p99_score": 1284.9230689147287,
      "detection_score": 699.3016523382277,
      "rate_component": 1628.4788452462537,
      "absolute_penalty": -929.1771929080261,
      "final_score": 1984.2247212529564
    }
  }
}