{
  "expected": {
    "total": 54100,
    "fraud_count": 23959,
    "legit_count": 30141,
    "fraud_rate": 0.4429,
    "legit_rate": 0.5571,
    "edge_case_count": 645,
    "edge_case_rate": 0.0119
  },
  "p99": "2425.9ms",
  "scoring": {
    "breakdown": {
      "false_positive_detections": 60,
      "false_negative_detections": 56,
      "true_positive_detections": 15569,
      "true_negative_detections": 19577,
      "http_errors": 974
    },
    "failure_rate": "3.01%",
    "weighted_errors_E": 5098,
    "error_rate_epsilon": 0.140689,
    "p99_score": {
      "value": -3000,
      "cut_triggered": true
    },
    "detection_score": {
      "value": -260.51,
      "rate_component": 851.74,
      "absolute_penalty": -1112.25,
      "cut_triggered": false
    },
    "final_score": -3260.51,
    "raw": {
      "p99_ms": 2425.9015491500004,
      "failure_rate": 0.03008058284578872,
      "error_rate_epsilon": 0.14068881775030356,
      "p99_score": -3000,
      "detection_score": -260.5050837376284,
      "rate_component": 851.7404198526135,
      "absolute_penalty": -1112.245503590242,
      "final_score": -3260.5050837376284
    }
  }
}